{
    "uvs": [[0.253026,0.628665,0.269029,0.59073,0.269029,0.710719,0.252162,0.749581,0.322676,0.715703,0.284525,0.731175,0.287795,0.613709,0.322676,0.594659,0.269029,0.693319,0.271429,0.574901,0.214982,0.612835,0.217365,0.730263,0.230985,0.574901,0.039636,0.747775,0,0.757789,9.3e-05,0.586254,0.039763,0.574901,0.10746,0.608128,0.119289,0.574901,0.119255,0.742163,0.107553,0.780502,0.158922,0.584799,0.158922,0.75342,0.051458,0.781379,0.051458,0.613537,0.011822,0.791394,0.051458,0.609812,0.087744,0.628678,0.090669,0.764221,0.055162,0.746373,0.10746,0.593767,0.10746,0.725484,0.214982,0.728217,0.178964,0.747133,0.179749,0.613413,0.214982,0.595537,0.158922,0.712528,0.162658,0.574901,0.071174,0.574901,0.373327,0.574901,0.414666,0.576342,0.414666,0.625925,0.373588,0.625293,0.455973,0.574901,0.497319,0.576007,0.497319,0.622818,0.460086,0.62427,0.501436,0.576073,0.54279,0.575471,0.54279,0.622975,0.501709,0.622882,0.455973,0.622789,0.414666,0.625089,0.418719,0.574901,0.455973,0.575286,0.54279,0.621777,0.54279,0.575567,0.583999,0.575471,0.583999,0.621682,0.361964,0.747685,0.362148,0.934543,0.373327,0.91397,0.373143,0.727112,0.462831,0.397216,0.462831,0.199217,0.443289,0.206513,0.443289,0.404511,0.344301,0.053294,0.32476,0.06059,0.361964,0.934544,0.3613,0.782357,0.350114,0.761766,0.350778,0.913953,0.361964,0.595492,0.350778,0.574901,0.559687,0.405829,0.559687,0.207985,0.53982,0.200618,0.53982,0.398462,0.362148,0.595474,0.67741,0.061566,0.657542,0.054199,0.322676,0.795776,0.335898,0.820115,0.336682,0.599239,0.323461,0.574901,1,0.166358,0.976516,0.15765,0.976516,0.391502,1,0.40021,0.837368,0.56457,0.860852,0.573278,0.350114,0.574901,0.3369,0.599218,0.336682,0.779132,0.349896,0.754815,0.3369,0.999999,0.350114,0.975682,0.023098,0.158492,0,0.167116,0,0.40115,0.023098,0.392527,0.323461,0.975661,0.336682,1,0.140102,0.573632,0.1632,0.565009,0.058147,0.179013,0.176676,0.044925,0.1632,0,0.361334,0.009892,0.501436,0.182374,0.501436,0.416409,0.344302,0.531304,0.361334,0.574901,0.176676,0.522935,0.058147,0.377011,0.501436,0.183969,0.501436,0.417822,0.657542,0.531837,0.640584,0.575471,0.824026,0.522614,0.941748,0.376195,0.941748,0.178351,0.824026,0.044976,0.837368,0,0.640584,0.010902]],
    "faces": [41,2,0,1,3,2,3,0,1,0,1,2,3,41,3,7,6,2,4,5,6,7,3,4,5,0,41,7,5,4,6,5,8,9,6,4,6,7,5,41,0,4,5,1,3,11,10,0,1,7,6,2,41,5,7,3,1,10,12,1,0,6,4,3,2,41,9,11,10,8,13,14,15,16,8,9,10,11,41,11,15,14,10,17,18,19,20,9,12,13,10,41,15,13,12,14,18,21,22,19,12,14,15,13,41,13,9,8,12,23,13,16,24,14,8,11,15,41,13,15,11,9,23,25,14,13,14,12,9,8,41,17,19,18,16,26,27,28,29,16,17,18,19,41,19,23,22,18,27,30,31,28,17,20,21,18,41,23,21,20,22,32,33,34,35,20,22,23,21,41,21,17,16,20,33,36,37,34,22,16,19,23,41,21,23,19,17,38,30,27,26,22,20,17,16,41,25,27,26,24,39,40,41,42,24,25,26,27,41,27,31,30,26,43,44,45,46,25,28,29,26,41,31,29,28,30,47,48,49,50,28,30,31,29,41,29,25,24,28,51,52,53,54,30,24,27,31,41,29,31,27,25,55,56,57,58,30,28,25,24,41,32,34,35,33,59,60,61,62,32,33,34,35,41,34,36,37,35,63,64,65,66,33,36,37,34,41,36,38,39,37,64,67,68,65,36,38,39,37,41,38,40,41,39,69,70,71,72,38,40,41,39,41,40,42,43,41,70,73,74,71,40,42,43,41,41,42,44,45,43,75,76,77,78,42,44,45,43,41,46,32,33,47,79,59,62,39,46,32,35,47,41,44,46,47,45,76,80,81,77,44,46,47,45,41,48,49,51,50,82,83,84,85,48,49,50,51,41,50,51,53,52,86,87,88,89,51,50,52,53,41,52,53,55,54,89,88,90,91,53,52,54,55,41,54,55,57,56,92,93,94,95,55,54,56,57,41,56,57,59,58,95,94,96,97,57,56,58,59,41,58,59,61,60,98,99,100,101,59,58,60,61,41,62,63,49,48,102,103,83,82,62,63,49,48,41,60,61,63,62,101,100,104,105,61,60,63,62,41,42,40,56,58,106,107,108,98,42,40,57,59,41,40,38,54,56,107,67,109,108,40,38,55,57,41,38,36,52,54,67,64,110,109,38,36,53,55,41,36,34,50,52,64,63,111,110,36,33,51,53,41,34,32,48,50,63,112,113,111,33,32,48,51,41,32,46,62,48,112,114,105,113,32,46,62,48,41,46,44,60,62,114,115,101,105,46,44,61,62,41,44,42,58,60,115,106,98,101,44,42,59,61,41,43,45,61,59,78,77,116,117,43,45,60,58,41,41,43,59,57,118,78,117,119,41,43,58,56,41,39,41,57,55,120,118,119,90,39,41,56,54,41,37,39,55,53,121,120,90,88,37,39,54,52,41,35,37,53,51,122,121,88,87,34,37,52,50,41,33,35,51,49,123,122,87,124,35,34,50,49,41,47,33,49,63,81,123,124,125,47,35,49,63,41,45,47,63,61,77,81,125,116,45,47,63,60],
    "metadata": {
        "uvs": 1,
        "faces": 52,
        "vertices": 64,
        "normals": 64,
        "version": 3,
        "generator": "io_three",
        "type": "Geometry"
    },
    "name": "CubeGeometry.3",
    "vertices": [-3.99203,-0.015244,-11.6918,-3.96067,2.54111,-12.5451,-4.42704,-0.017281,-11.8179,-4.39568,2.50163,-12.6711,-3.86006,-0.022901,-12.1008,-3.8287,2.39267,-12.954,-4.29508,-0.024938,-12.2268,-4.26372,2.35319,-13.08,-0.082329,-0.014287,-15.7319,-0.936128,2.55966,-15.7369,-0.194883,-0.016324,-15.2932,-1.04868,2.52018,-15.2982,-0.495153,-0.021945,-15.8512,-1.34895,2.41122,-15.8562,-0.607707,-0.023981,-15.4125,-1.46151,2.37174,-15.4175,-3.96111,-0.013038,-19.5038,-4.06444,2.58389,-18.6563,-3.5383,-0.015075,-19.3415,-3.64163,2.54441,-18.494,-4.12715,-0.020695,-19.1075,-4.23048,2.43545,-18.26,-3.70434,-0.022732,-18.9452,-3.80767,2.39597,-18.0976,-7.88829,-0.013402,-15.3321,-7.03546,2.57682,-15.3731,-7.79954,-0.015439,-15.7762,-6.94671,2.53734,-15.8172,-7.46964,-0.02106,-15.2352,-6.61681,2.42838,-15.2762,-7.38089,-0.023096,-15.6794,-6.52806,2.3889,-15.7204,-4.00764,1.82305,-18.1642,-4.00764,2.46711,-18.1642,-2.19495,1.82305,-17.4134,-2.19494,2.46711,-17.4134,-1.4441,1.82305,-15.6007,-1.4441,2.46711,-15.6007,-2.19494,1.82305,-13.788,-2.19494,2.46711,-13.788,-4.00764,1.82305,-13.0372,-4.00764,2.46711,-13.0372,-5.82034,1.82305,-13.788,-5.82034,2.46711,-13.788,-6.57118,1.82305,-15.6007,-6.57118,2.46711,-15.6007,-5.82034,1.82305,-17.4134,-5.82034,2.46711,-17.4134,-4.00764,1.76444,-18.6308,-4.00764,2.52572,-18.6308,-1.86503,1.76444,-17.7433,-1.86503,2.52572,-17.7433,-0.97753,1.76444,-15.6007,-0.97753,2.52572,-15.6007,-1.86503,1.76444,-13.4581,-1.86503,2.52572,-13.4581,-4.00764,1.76444,-12.5706,-4.00764,2.52572,-12.5706,-6.15025,1.76445,-13.4581,-6.15025,2.52572,-13.4581,-7.03775,1.76444,-15.6007,-7.03775,2.52572,-15.6007,-6.15025,1.76444,-17.7433,-6.15025,2.52572,-17.7433],
    "normals": [-0.814051,0.192358,0.54796,0.401746,0.2884,0.869137,0.391522,0.774957,0.496078,-0.710257,0.683401,0.168676,-0.378674,0.300912,-0.87521,-0.527238,-0.277535,-0.803064,0.725303,0.410077,-0.552904,0.930784,-0.135563,-0.339396,0.484542,0.774529,-0.406568,0.191351,0.683279,0.704611,0.572497,0.190924,0.797327,0.856685,0.286538,-0.428907,-0.862728,0.301889,0.405621,-0.787255,-0.275826,0.551439,-0.57445,0.410718,-0.708029,-0.368969,-0.134922,-0.919584,-0.347789,0.77398,-0.529099,0.721976,0.683096,-0.109989,0.858669,0.189093,-0.476333,-0.327952,0.284127,-0.900937,0.30369,0.30311,0.903256,0.456526,-0.273629,0.846553,-0.769555,0.411542,0.488266,-0.955718,-0.134068,0.261879,-0.46263,0.774132,0.43202,-0.229804,0.683157,-0.693136,-0.614368,0.189642,-0.765862,-0.832636,0.284829,0.474929,0.839259,0.302744,-0.451582,0.757195,-0.27427,-0.592792,0.611194,0.411298,0.676168,0.418867,-0.134312,0.898038,0,-0.75341,0.657521,-0.464949,-0.75341,0.464949,-0.464949,0.75341,0.464949,0,0.75341,0.657521,-0.657521,-0.75341,0,-0.657521,0.75341,0,-0.464949,-0.75341,-0.464949,-0.464949,0.75341,-0.464949,0,-0.75341,-0.657521,0,0.75341,-0.657521,0.464949,-0.75341,-0.464949,0.464949,0.75341,-0.464949,0.657521,-0.75341,0,0.657521,0.75341,0,0.464949,-0.75341,0.464949,0.464949,0.75341,0.464949,0,-0.667928,-0.744194,0,0.667928,-0.744194,0.526231,0.667928,-0.526231,0.526231,-0.667928,-0.526231,0.744194,0.667928,0,0.744194,-0.667928,0,0.526231,0.667928,0.526231,0.526231,-0.667928,0.526231,0,0.667928,0.744194,0,-0.667928,0.744194,-0.526231,0.667928,0.526231,-0.526231,-0.667928,0.526231,-0.744194,0.667928,0,-0.744194,-0.667928,0,-0.526231,-0.667928,-0.526231,-0.526231,0.667928,-0.526231]
}