{
    "uvs": [],
    "faces": [33,0,2,3,1,0,1,1,0,33,2,4,5,3,1,2,2,1,33,4,6,7,5,2,3,3,2,33,6,8,9,7,3,4,4,3,33,8,10,11,9,4,5,5,4,33,10,12,13,11,5,6,6,5,33,12,14,15,13,6,7,7,6,33,14,16,17,15,7,8,8,7,33,16,18,19,17,8,9,9,8,33,18,20,21,19,9,10,10,9,33,20,22,23,21,10,11,11,10,33,22,24,25,23,11,12,12,11,33,24,26,27,25,12,13,13,12,33,26,28,29,27,13,14,14,13,33,30,0,1,31,15,0,0,15,33,28,30,31,29,14,15,15,14],
    "metadata": {
        "uvs": 0,
        "faces": 16,
        "vertices": 32,
        "normals": 16,
        "version": 3,
        "generator": "io_three",
        "type": "Geometry"
    },
    "name": "Cylinder.002Geometry.1",
    "vertices": [0,-1e-06,-19.7776,0,18.5472,-19.7776,7.56856,-1e-06,-18.2721,7.56856,18.5472,-18.2721,13.9849,-1e-06,-13.9849,13.9849,18.5472,-13.9849,18.2721,-0,-7.56856,18.2721,18.5472,-7.56856,19.7776,0,1e-06,19.7776,18.5472,0,18.2721,0,7.56856,18.2721,18.5472,7.56856,13.9849,1e-06,13.9849,13.9849,18.5472,13.9849,7.56856,1e-06,18.2721,7.56856,18.5472,18.2721,3e-06,1e-06,19.7776,3e-06,18.5472,19.7776,-7.56856,1e-06,18.2721,-7.56856,18.5472,18.2721,-13.9849,1e-06,13.9849,-13.9849,18.5472,13.9849,-18.2721,0,7.56857,-18.2721,18.5472,7.56856,-19.7776,-0,-0,-19.7776,18.5472,-1e-06,-18.2721,-0,-7.56857,-18.2721,18.5472,-7.56857,-13.9849,-1e-06,-13.9849,-13.9849,18.5472,-13.9849,-7.56855,-1e-06,-18.2721,-7.56855,18.5472,-18.2721],
    "normals": [0,0,1,-0.382672,0,0.923856,-0.707083,0,0.707083,-0.923856,0,0.382672,-1,0,0,-0.923856,0,-0.382672,-0.707083,0,-0.707083,-0.382672,0,-0.923856,0,0,-0.999969,0.382672,0,-0.923856,0.707083,0,-0.707083,0.923856,0,-0.382672,1,0,0,0.923856,0,0.382672,0.707083,0,0.707083,0.382672,0,0.923856]
}