{
    "normals": [0.95877,0,-0.284097,0.57796,0.271157,-0.769677,0.832911,0.272103,-0.481857,0.343516,0,-0.939116,0.999908,0,0.011353,0.804193,0.561846,-0.193793,0.279031,0,0.960265,0.77633,0.264199,0.572253,0.492203,0.284463,0.822657,0.94641,0,0.322916,0.775811,0.608814,0.165593,0.999939,0,-0.008972,-0.95877,0,0.284097,-0.57796,0.271157,0.769677,-0.831721,0.273507,0.483108,-0.335765,0,0.941923,-0.492203,0.284463,-0.822657,-0.775811,0.608814,-0.165593,-0.270852,0,-0.962615,-0.776299,0.265999,-0.571429,-0.94641,0,-0.322916,-0.190222,0.601154,0.776147,-0.194739,0.549394,-0.812525,-0.497971,0.591021,-0.634571,-0.64864,0.565752,0.509049,0.787133,0,-0.616749,0.634877,0.591113,-0.497452,-0.999939,0,0.008972,-0.50856,0.565691,-0.649098,-0.616749,0,-0.787133,0.194861,0.603778,-0.772942,0.007172,0,-0.999969,0.017151,0,-0.999847,-0.804193,0.561846,0.193793,-0.999908,0,-0.011353,0.204321,0.546556,0.812067,-0.011994,0,0.999908,-0.002136,0,0.999969,0.616749,0,0.787133,0.50856,0.565691,0.649098,-0.634877,0.591113,0.497452,-0.787133,0,0.616749,0.796503,0,-0.604602,0.657521,0.564348,-0.4991,0.486801,0.593005,0.641316,0.604602,0,0.796503,-0.786676,0,0.617359,-0.617359,0,-0.786676,0.409406,0.24781,-0.878018,-0.331339,0.24781,-0.910367,-0.341716,0.041414,-0.938871,0.422254,0.041414,-0.905515,0.910367,0.24781,-0.331339,0.938871,0.041414,-0.341716,0.331339,0.24781,0.910367,0.878018,0.24781,0.409406,0.905515,0.041414,0.422254,0.341716,0.041414,0.938871,-0.878018,0.24781,-0.409406,-0.910367,0.24781,0.331339,-0.938871,0.041414,0.341716,-0.905515,0.041414,-0.422254,-0.409406,0.24781,0.878018,-0.422254,0.041414,0.905515,-0.88699,-0.330088,0.322825,-0.398907,-0.330088,0.855495,-0.419141,-0.127964,0.898831,-0.931944,-0.127964,0.339183,0.855495,-0.330088,0.398907,0.88699,-0.330088,-0.322825,0.931944,-0.127964,-0.339183,0.898831,-0.127964,0.419141,-0.322825,-0.330088,-0.88699,-0.855495,-0.330088,-0.398907,-0.898831,-0.127964,-0.419141,-0.339183,-0.127964,-0.931944,0.322825,-0.330088,0.88699,0.339183,-0.127964,0.931944,0.398907,-0.330088,-0.855495,0.419141,-0.127964,-0.898831,0.812891,-0.076571,0.577349,0.812891,-0.076571,-0.577349,0.076571,0.812891,-0.577349,0.076571,0.812891,0.577349,0.45088,-0.544694,-0.707083,-0.076571,-0.812891,-0.577349,-0.544664,-0.45088,-0.707083,0.039979,0.424512,-0.904508,-0.076571,-0.812891,0.577349,-0.544694,-0.45088,0.707083,0.45088,-0.544694,0.707083,0.039979,0.424512,0.904508,-0.812891,0.076571,-0.577349,-0.812891,0.076571,0.577349],
    "uvs": [[0.763396,0.029919,0.771935,0.079638,0.738343,0.085407,0.729804,0.035689,0.972924,0.611406,0.949133,0.642412,0.748985,0.642412,0.763818,0.610038,0.990405,0.06344,0.971587,0.110245,0.939964,0.097531,0.958781,0.050726,0.692688,0.747613,0.671407,0.7153,0.884289,0.72486,0.897938,0.758754,0.917235,0.038319,0.907305,0.087778,0.873888,0.081069,0.883819,0.031609,0.973103,0.585059,0.760654,0.568463,0.840704,0.027018,0.839996,0.077459,0.805915,0.076981,0.806623,0.02654,0.744547,0.920403,0.746852,0.959388,0.704316,0.949604,0.698835,0.92298,0.702736,0.630244,0.710735,0.599843,0.748134,0.534136,0.704646,0.570487,0.701535,0.541763,0.95201,0.934886,0.951421,0.961019,0.92816,0.77928,0.950473,0.810438,0.741376,0.800344,0.727072,0.767121,0.926446,0.990801,0.730789,0.990801,0.670714,0.688962,0.879751,0.683412,0.693467,0.657185,0.893506,0.650566,0.950139,0.836635,0.74456,0.83473,0.925089,0.866435,0.728652,0.866435,0.952902,0.552059,0.930428,0.903322,0.730566,0.887051,0.944259,0.74959,0.940199,0.720985,0.969917,0.716767,0.973977,0.745372,0.674805,0.573719,0.671693,0.544995,0.933143,0.691846,0.940131,0.661197,0.691497,0.775263,0.695818,0.802593,0.672438,0.806289,0.668117,0.77896,0.66645,0.96926,0.676184,0.940185,0.694582,0.978678,0.694413,0.895259,0.701551,0.825679,0.692278,0.854887,0.984691,0.232165,0.985325,0.255999,0.716631,0.254311,0.71645,0.239838,0.982947,0.208276,0.715765,0.225388,0.978452,0.350934,0.972306,0.37382,0.709876,0.326915,0.712293,0.312038,0.985056,0.279793,0.983935,0.303557,0.715474,0.283249,0.716306,0.268788,0.981879,0.327272,0.714136,0.297675,0.979673,0.184434,0.714578,0.210985,0.863495,0.399123,0.891714,0.398075,0.890222,0.438385,0.862014,0.436851,0.737113,0.391549,0.760854,0.399668,0.753853,0.432628,0.713958,0.426443,0.810621,0.401072,0.836552,0.400144,0.8353,0.436072,0.809128,0.435575,0.921627,0.396405,0.922391,0.441144,0.953668,0.391548,0.968821,0.444945,0.785503,0.401387,0.782647,0.434777,0.808094,0.145029,0.78036,0.147197,0.752942,0.151906,0.943312,0.172178,0.917501,0.161801,0.863571,0.148365,0.835909,0.145419,0.890846,0.153841,0.705424,0.09424,0.726074,0.159115,0.883406,0.492235,0.858739,0.490535,0.757759,0.494121,0.730465,0.498347,0.834063,0.490163,0.809181,0.490678,0.908414,0.49638,0.932713,0.505884,0.783857,0.491935,0.04911,0.021668,0.636657,0.021667,0.636657,0.058542,0.04911,0.058542,0.660884,0.601885,0.630333,0.601885,0.630333,0.56501,0.660884,0.56501,0.042787,0.601885,0.042786,0.565011,0.012236,0.397573,0.012236,0.058542,0.04911,0.397573,0.630333,0.496788,0.660884,0.496788,0.042787,0.632436,0.630333,0.632436,0.630333,0.971467,0.042787,0.971466,0.636657,0.397573,0.012236,0.601885,0.012236,0.565011,0.673531,0.058542,0.673532,0.397573,0.04911,0.465795,0.636657,0.465795,0.636657,0.496346,0.04911,0.496346,0.012236,0.496789,0.042786,0.496789]],
    "vertices": [0.089143,0.678505,-0.191169,0.089143,0.917448,-0.191169,0.198211,0.678505,-0.072143,0.198211,0.917448,-0.072143,0.191169,0.678505,0.089143,0.191169,0.917448,0.089143,0.072143,0.678505,0.198211,0.072143,0.917448,0.198211,-0.089144,0.678505,0.191169,-0.089144,0.917448,0.191169,-0.198211,0.678505,0.072143,-0.198211,0.917448,0.072143,-0.191169,0.678505,-0.089144,-0.191169,0.917448,-0.089144,-0.072143,0.678505,-0.198211,-0.072143,0.917448,-0.198211,0.116469,0.023786,-1.09172,0.116469,0.232687,-1.09172,1.08279,0.210684,-0.054885,1.08279,0.001782,-0.054885,1.04432,0.001782,0.117244,1.04432,0.210684,0.117244,0.094257,0.232688,1.13193,0.094257,0.023786,1.13193,-0.116469,0.023786,1.09172,-0.116469,0.232688,1.09172,-1.08279,0.210684,0.066987,-1.08279,0.001782,0.066987,-1.04432,0.001782,-0.129346,-1.04432,0.210684,-0.129346,-0.094257,0.232687,-1.13193,-0.094257,0.023786,-1.13193,0.116469,0.023786,-1.40952,0.116469,0.232687,-1.40952,0.094257,0.232688,1.46144,0.094257,0.023786,1.46144,-0.116469,0.023786,1.40952,-0.116469,0.232688,1.40952,-0.094257,0.232687,-1.46144,-0.094257,0.023786,-1.46144,1.35252,0.210684,-0.054885,1.35252,0.001782,-0.054885,1.30447,0.001782,0.117244,1.30447,0.210684,0.117244,-1.35252,0.210684,0.066987,-1.35252,0.001782,0.066987,-1.30447,0.001782,-0.129346,-1.30447,0.210684,-0.129346,0.045877,3.18985,-0.098383,0.102007,3.18985,-0.037128,0.098383,3.18985,0.045876,0.037127,3.18985,0.102006,-0.045877,3.18985,0.098382,-0.102007,3.18985,0.037127,-0.098383,3.18985,-0.045877,-0.037127,3.18985,-0.102007,-0.108713,1.40232,-0.298686,0.134331,1.40232,-0.288075,0.298686,1.40232,-0.108713,0.288075,1.40232,0.134331,0.108713,1.40232,0.298686,-0.298686,1.40232,0.108713,-0.288075,1.40232,-0.134331,-0.134331,1.40232,0.288074,0.072757,1.23758,-0.156028,0.161776,1.23758,-0.058882,0.058881,1.23758,0.161776,-0.156028,1.23758,-0.072757,-0.072757,1.23758,0.156028,-0.058882,1.23758,-0.161776,0.156028,1.23758,0.072757,-0.161776,1.23758,0.058881,-0.057946,1.72152,-0.159204,0.153548,1.72152,0.071601,-0.159204,1.72152,0.057946,0.071601,1.72152,-0.153548,0.159204,1.72152,-0.057946,0.057946,1.72152,0.159204,-0.153548,1.72152,-0.071601,-0.071601,1.72152,0.153548,0.706692,3.90437,1.58976,0.833936,3.75066,1.58976,0.706692,3.90437,-1.58976,0.833936,3.75066,-1.58976,-0.833936,2.62904,1.58976,-0.706692,2.47533,1.58976,-0.833936,2.62904,-1.58976,-0.706692,2.47533,-1.58976,-0.579339,2.58075,-1.58976,-0.706583,2.73447,-1.58976,-0.579339,2.58075,1.58976,-0.706583,2.73447,1.58976,-1.06935,2.91343,1.58976,-1.06935,2.91343,-1.58976,-0.942,3.01885,1.58976,-0.942,3.01885,-1.58976],