	{

		"metadata": {
			"formatVersion" : 3.1,
			"generatedBy"   : "Blender 2.7 Exporter",
			"vertices"      : 28,
			"faces"         : 26,
			"normals"       : 28,
			"colors"        : 0,
			"uvs"           : [],
			"materials"     : 1,
			"morphTargets"  : 0,
			"bones"         : 3
		},

			"scale" : 1.000000,
			
			"vertices" : [0.341,0.0102804,-0.379661,0.348898,0.00761172,0.379661,-0.399977,0.0326096,0.379661,-0.395827,0.0253791,-0.379661,1.50398,0.0231101,-0.379661,1.50398,0.0231109,0.379662,2.07904,0.51897,0.379661,2.07904,0.518971,-0.379661,0.269781,0.536933,-0.379661,0.182964,0.706921,-0.379661,0.643473,0.821937,-0.379661,0.857166,0.842016,-0.379661,1.15161,0.431758,-0.379661,0.270077,0.536932,0.379661,0.182976,0.706943,0.379661,0.643473,0.821937,0.379661,0.857165,0.842016,0.379661,1.15161,0.431758,0.379661,-0.401105,0.644573,0.379661,-0.0553714,1.34104,0.379661,0.603901,1.52969,0.379661,1.32968,1.37323,0.379661,1.72667,0.927618,0.379661,-0.401047,0.644283,-0.379661,-0.0553909,1.34102,-0.379661,0.603902,1.52969,-0.379661,1.32968,1.37323,-0.379661,1.72667,0.927618,-0.379661],
			"faces"    : [35,0,1,2,3,0,0,1,2,3,35,4,7,6,5,0,4,5,6,7,35,12,4,5,17,0,8,4,7,9,35,17,5,6,22,0,9,7,6,10,35,22,6,7,27,0,10,6,5,11,35,8,0,3,23,0,12,0,3,13,35,4,12,27,7,0,4,8,11,5,35,12,11,26,27,0,8,14,15,11,35,11,10,25,26,0,14,16,17,15,35,10,9,24,25,0,16,18,19,17,35,9,8,23,24,0,18,12,13,19,35,2,18,23,3,0,2,20,13,3,35,18,19,24,23,0,20,21,19,13,35,19,20,25,24,0,21,22,17,19,35,20,21,26,25,0,22,23,15,17,35,21,22,27,26,0,23,10,11,15,35,1,13,18,2,0,1,24,20,2,35,13,14,19,18,0,24,25,21,20,35,14,15,20,19,0,25,26,22,21,35,15,16,21,20,0,26,27,23,22,35,16,17,22,21,0,27,9,10,23,35,0,8,13,1,0,0,12,24,1,35,8,9,14,13,0,12,18,25,24,35,9,10,15,14,0,18,16,26,25,35,10,11,16,15,0,16,14,27,26,35,11,12,17,16,0,14,8,9,27],
			"uvs"      : [],
			"normals"  : [0.611194,-0.54741,-0.571612,0.616138,-0.547227,0.566424,-0.585223,-0.567217,0.579424,-0.580279,-0.573107,-0.5786,-0.060213,-0.814264,-0.577349,0.814264,-0.060213,-0.577349,0.814264,-0.060213,0.577349,-0.060213,-0.814264,0.577349,-0.563189,-0.443464,-0.697195,-0.563189,-0.443464,0.697195,0.533097,0.467269,0.705283,0.533097,0.467269,-0.705283,0.705863,0.223762,-0.672018,-0.732841,0.169805,-0.658834,-0.226142,-0.496689,-0.837916,0.385418,0.661306,-0.643483,0.116062,-0.679434,-0.724479,-0.025025,0.754082,-0.65627,0.348552,-0.158422,-0.923765,-0.498764,0.598895,-0.626514,-0.733146,0.169958,0.658467,-0.498764,0.598926,0.626484,-0.025025,0.754082,0.65627,0.385418,0.661306,0.643483,0.706351,0.223884,0.671468,0.348674,-0.158483,0.923734,0.116062,-0.679434,0.724479,-0.226142,-0.496689,0.837916],
			
			"skinIndices"  : [0,1,0,1,0,1,0,1,2,-1,2,-1,2,-1,2,-1,0,1,1,0,1,2,2,1,2,-1,0,1,1,0,1,2,2,1,2,-1,0,1,1,0,1,2,2,1,2,-1,0,1,1,0,1,2,2,1,2,-1],
			"skinWeights"  : [0.958994,0.0296354,0.962148,0.0235102,0.958994,0.0296355,0.962148,0.0235102,0.993039,0,0.993145,0,0.993039,0,0.993145,0,0.851821,0.143884,0.830186,0.145034,0.829833,0.145473,0.854438,0.141356,0.974766,0,0.852219,0.143498,0.830137,0.145084,0.829827,0.145473,0.854439,0.141353,0.974779,0,0.851821,0.143884,0.830186,0.145034,0.829833,0.145473,0.854438,0.141356,0.974766,0,0.852219,0.143498,0.830137,0.145084,0.829827,0.145473,0.854439,0.141353,0.974779,0],
			"morphTargets" : [],
			
			"bones"      : [{"parent":-1,"name":"Bone","pos":[0,0,-0],"rotq":[0.707107,0,-0,0.707107],"scl":[1,1,1]},{"parent":0,"name":"Bone.001","pos":[0,0,-1],"rotq":[0,0,-0,1],"scl":[1,1,1]},{"parent":1,"name":"Bone.002","pos":[0,0,-1.01276],"rotq":[0,0,-0,1],"scl":[1,1,1]}],
			"animations" : [{"name":"ArmatureAction","fps":24,"length":1.625,"hierarchy":[{"parent":-1,"keys":[{"time":0,"pos":[0,0,-0],"rot":[0.707107,0,-0,0.707107],"scl":[1,1,1]},{"time":0.0416667,"pos":[0,0,-0],"rot":[0.707107,0,-0,0.707107],"scl":[1,1,1]},{"time":0.0833333,"pos":[0,0,-0],"rot":[0.707107,0,-0,0.707107],"scl":[1,1,1]},{"time":0.125,"pos":[0,0,-0],"rot":[0.707107,0,-0,0.707107],"scl":[1,1,1]},{"time":0.166667,"pos":[0,0,-0],"rot":[0.707107,0,-0,0.707107],"scl":[1,1,1]},{"time":0.208333,"pos":[0,0,-0],"rot":[0.707107,0,-0,0.707107],"scl":[1,1,1]},{"time":0.25,"pos":[0,0,-0],"rot":[0.707107,0,-0,0.707107],"scl":[1,1,1]},{"time":0.291667,"pos":[0,0,-0],"rot":[0.707107,0,-0,0.707107],"scl":[1,1,1]},{"time":0.333333,"pos":[0,0,-0],"rot":[0.707107,0,-0,0.707107],"scl":[1,1,1]},{"time":0.375,"pos":[0,0,-0],"rot":[0.707107,0,-0,0.707107],"scl":[1,1,1]},{"time":0.416667,"pos":[0,0,-0],"rot":[0.707107,0,-0,0.707107],"scl":[1,1,1]},{"time":0.458333,"pos":[0,0,-0],"rot":[0.707107,0,-0,0.707107],"scl":[1,1,1]},{"time":0.5,"pos":[0,0,-0],"rot":[0.707107,0,-0,0.707107],"scl":[1,1,1]},{"time":0.541667,"pos":[0,0,-0],"rot":[0.707107,0,-0,0.707107],"scl":[1,1,1]},{"time":0.583333,"pos":[0,0,-0],"rot":[0.707107,0,-0,0.707107],"scl":[1,1,1]},{"time":0.625,"pos":[0,0,-0],"rot":[0.707107,0,-0,0.707107],"scl":[1,1,1]},{"time":0.666667,"pos":[0,0,-0],"rot":[0.707107,0,-0,0.707107],"scl":[1,1,1]},{"time":0.708333,"pos":[0,0,-0],"rot":[0.707107,0,-0,0.707107],"scl":[1,1,1]},{"time":0.75,"pos":[0,0,-0],"rot":[0.707107,0,-0,0.707107],"scl":[1,1,1]},{"time":0.791667,"pos":[0,0,-0],"rot":[0.707107,0,-0,0.707107],"scl":[1,1,1]},{"time":0.833333,"pos":[0,0,-0],"rot":[0.707107,0,-0,0.707107],"scl":[1,1,1]},{"time":0.875,"pos":[0,0,-0],"rot":[0.707107,0,-0,0.707107],"scl":[1,1,1]},{"time":0.916667,"pos":[0,0,-0],"rot":[0.707107,0,-0,0.707107],"scl":[1,1,1]},{"time":0.958333,"pos":[0,0,-0],"rot":[0.707107,0,-0,0.707107],"scl":[1,1,1]},{"time":1,"pos":[0,0,-0],"rot":[0.707107,0,-0,0.707107],"scl":[1,1,1]},{"time":1.04167,"pos":[0,0,-0],"rot":[0.707107,0,-0,0.707107],"scl":[1,1,1]},{"time":1.08333,"pos":[0,0,-0],"rot":[0.707107,0,-0,0.707107],"scl":[1,1,1]},{"time":1.125,"pos":[0,0,-0],"rot":[0.707107,0,-0,0.707107],"scl":[1,1,1]},{"time":1.16667,"pos":[0,0,-0],"rot":[0.707107,0,-0,0.707107],"scl":[1,1,1]},{"time":1.20833,"pos":[0,0,-0],"rot":[0.707107,0,-0,0.707107],"scl":[1,1,1]},{"time":1.25,"pos":[0,0,-0],"rot":[0.707107,0,-0,0.707107],"scl":[1,1,1]},{"time":1.29167,"pos":[0,0,-0],"rot":[0.707107,0,-0,0.707107],"scl":[1,1,1]},{"time":1.33333,"pos":[0,0,-0],"rot":[0.707107,0,-0,0.707107],"scl":[1,1,1]},{"time":1.375,"pos":[0,0,-0],"rot":[0.707107,0,-0,0.707107],"scl":[1,1,1]},{"time":1.41667,"pos":[0,0,-0],"rot":[0.707107,0,-0,0.707107],"scl":[1,1,1]},{"time":1.45833,"pos":[0,0,-0],"rot":[0.707107,0,-0,0.707107],"scl":[1,1,1]},{"time":1.5,"pos":[0,0,-0],"rot":[0.707107,0,-0,0.707107],"scl":[1,1,1]},{"time":1.54167,"pos":[0,0,-0],"rot":[0.707107,0,-0,0.707107],"scl":[1,1,1]},{"time":1.58333,"pos":[0,0,-0],"rot":[0.707107,0,-0,0.707107],"scl":[1,1,1]},{"time":1.625,"pos":[0,0,-0],"rot":[0.707107,0,-0,0.707107],"scl":[1,1,1]}]},{"parent":0,"keys":[{"time":0,"pos":[0,0,-1],"rot":[0,0,-0,1],"scl":[1,1,1]},{"time":0.0416667,"pos":[0,0,-1],"rot":[0,0.0145906,-0,0.999894],"scl":[1,1,1]},{"time":0.0833333,"pos":[0,0,-1],"rot":[0,0.0590133,-0,0.998257],"scl":[1,1,1]},{"time":0.125,"pos":[0,0,-1],"rot":[0,0.131866,-0,0.991268],"scl":[1,1,1]},{"time":0.166667,"pos":[0,0,-1],"rot":[0,0.225658,-0,0.974207],"scl":[1,1,1]},{"time":0.208333,"pos":[0,0,-1],"rot":[0,0.325486,-0,0.945547],"scl":[1,1,1]},{"time":0.25,"pos":[0,0,-1],"rot":[0,0.414044,-0,0.910257],"scl":[1,1,1]},{"time":0.291667,"pos":[0,0,-1],"rot":[0,0.47951,-0,0.877536],"scl":[1,1,1]},{"time":0.333333,"pos":[0,0,-1],"rot":[0,0.518036,-0,0.855359],"scl":[1,1,1]},{"time":0.375,"pos":[0,0,-1],"rot":[0,0.530461,-0,0.84771],"scl":[1,1,1]},{"time":0.416667,"pos":[0,0,-1],"rot":[0,0.524015,-0,0.851709],"scl":[1,1,1]},{"time":0.458333,"pos":[0,0,-1],"rot":[0,0.503797,-0,0.863822],"scl":[1,1,1]},{"time":0.5,"pos":[0,0,-1],"rot":[0,0.468728,-0,0.883343],"scl":[1,1,1]},{"time":0.541667,"pos":[0,0,-1],"rot":[0,0.418695,-0,0.908127],"scl":[1,1,1]},{"time":0.583333,"pos":[0,0,-1],"rot":[0,0.355461,-0,0.934691],"scl":[1,1,1]},{"time":0.625,"pos":[0,0,-1],"rot":[0,0.283034,-0,0.95911],"scl":[1,1,1]},{"time":0.666667,"pos":[0,0,-1],