{
    "animations": "CubeGeometry.1.animations.json",
    "vertices": [0.379661,-0.002783,-0.379661,0.379661,-0.002783,0.379661,-0.379661,-0.002783,0.379661,-0.379661,-0.002783,-0.379661,0.379661,3.23475,-0.379661,0.379661,3.23475,0.379661,-0.379661,3.23475,0.379661,-0.379661,3.23475,-0.379661,0.379661,0.536805,-0.379661,0.379661,1.07639,-0.379661,0.379661,1.61598,-0.379661,0.379661,2.15557,-0.379661,0.379661,2.69516,-0.379661,0.379661,0.536805,0.379661,0.379661,1.07639,0.379661,0.379661,1.61598,0.379661,0.379661,2.15557,0.379661,0.379661,2.69516,0.379661,-0.379661,0.536805,0.379661,-0.379661,1.07639,0.379661,-0.379661,1.61598,0.379661,-0.379661,2.15557,0.379661,-0.379661,2.69516,0.379661,-0.379661,0.536805,-0.379661,-0.379661,1.07639,-0.379661,-0.379661,1.61598,-0.379661,-0.379661,2.15557,-0.379661,-0.379661,2.69516,-0.379661],
    "skinWeights": [0.958994,0.029635,0,0.962148,0.02351,0,0.958994,0.029635,0,0.962148,0.02351,0,0.993039,0,0,0.993145,0,0,0.993039,0,0,0.993145,0,0,0.851821,0.143884,0,0.830186,0.145034,0,0.829833,0.145473,0,0.854438,0.141356,0,0.974766,0,0,0.852219,0.143498,0,0.830137,0.145084,0,0.829827,0.145473,0,0.854439,0.141353,0,0.974779,0,0,0.851821,0.143884,0,0.830186,0.145034,0,0.829833,0.145473,0,0.854438,0.141356,0,0.974766,0,0,0.852219,0.143498,0,0.830137,0.145084,0,0.829827,0.145473,0,0.854439,0.141353,0,0.974779,0,0],
    "faces": [1,0,1,2,3,1,4,7,6,5,1,12,4,5,17,1,17,5,6,22,1,22,6,7,27,1,8,0,3,23,1,4,12,27,7,1,12,11,26,27,1,11,10,25,26,1,10,9,24,25,1,9,8,23,24,1,2,18,23,3,1,18,19,24,23,1,19,20,25,24,1,20,21,26,25,1,21,22,27,26,1,1,13,18,2,1,13,14,19,18,1,14,15,20,19,1,15,16,21,20,1,16,17,22,21,1,0,8,13,1,1,8,9,14,13,1,9,10,15,14,1,10,11,16,15,1,11,12,17,16],
    "bones": [{
        "name": "Bone",
        "rotq": [0.707107,0,-0,0.707107],
        "parent": -1,
        "scl": [1,1,1],
        "pos": [0,0,-0]
    },{
        "name": "Bone.001",
        "rotq": [0,0,-0,1],
        "parent": 0,
        "scl": [1,1,1],
        "pos": [0,0,-1]
    },{
        "name": "Bone.002",
        "rotq": [0,0,-0,1],
        "parent": 1,
        "scl": [1,1,1],
        "pos": [0,0,-1.01276]
    }],
    "skinIndices": [0,1,0,0,1,0,0,1,0,0,1,0,2,0,0,2,0,0,2,0,0,2,0,0,0,1,0,1,0,0,1,2,0,2,1,0,2,0,0,0,1,0,1,0,0,1,2,0,2,1,0,2,0,0,0,1,0,1,0,0,1,2,0,2,1,0,2,0,0,0,1,0,1,0,0,1,2,0,2,1,0,2,0,0],
    "name": "CubeGeometry.1",
    "influencesPerVertex": 3,
    "metadata": {
        "vertices": 28,
        "bones": 3,
        "generator": "io_three",
        "version": 3,
        "faces": 26,
        "type": "Geometry"
    }
}